{"stats":{"minecraft:picked_up":{"minecraft:crafting_table":5,"minecraft:iron_chestplate":2,"simple_backpack:backpack":1,"minecraft:prismarine_shard":2,"battletowers:key_pickaxe":2,"vanilla-hammers:obsidian_hammer":1,"minecraft:stone_brick_stairs":1,"minecraft:cornflower":2,"minecraft:string":6,"minecraft:flint_and_steel":1,"minecraft:iron_leggings":1,"minecraft:beef":25,"minecraft:egg":3,"minecraft:furnace":5,"minecraft:iron_boots":3,"minecraft:stick":20,"minecraft:torch":22,"emerald_tools:obsidian_pickaxe":1,"minecraft:porkchop":3,"minecraft:diorite":47,"minecraft:redstone":214,"minecraft:prismarine_crystals":1,"minecraft:arrow":3,"minecraft:rotten_flesh":19,"gobber2:gobber2_gooey_beef_nether":1,"minecraft:saddle":1,"minecraft:gold_ingot":12,"minecraft:mutton":9,"minecraft:cod":1,"minecraft:white_wool":16,"minecraft:cobblestone":1275,"minecraft:magma_block":7,"minecraft:andesite":75,"minecraft:brown_wool":2,"minecraft:leather":13,"gobber2:gobber2_glob":27,"minecraft:flint":2,"minecraft:oak_log":12,"gobber2:gobber2_gooey_bread_nether":2,"minecraft:lapis_lazuli":58,"minecraft:dirt":30,"battletowers:key_boots":1,"minecraft:bone":3,"minecraft:stone_bricks":2,"minecraft:wheat_seeds":2,"betteranimalsplus:antler":2,"minecraft:iron_ingot":60,"minecraft:iron_ore":91,"minecraft:mossy_stone_bricks":1,"minecraft:oak_planks":20,"minecraft:chiseled_stone_bricks":32,"minecraft:gravel":6,"battletowers:boss_key":20,"minecraft:blast_furnace":1,"minecraft:gold_ore":29,"minecraft:diamond":5,"minecraft:granite":72,"minecraft:gray_wool":1,"minecraft:bread":21,"betteranimalsplus:trillium":1,"minecraft:oak_sapling":5,"minecraft:netherrack":17,"gobber2:gobber2_goo_nether":1,"minecraft:coal":160,"gobber2:gobber2_goo":3},"minecraft:used":{"gobber2:gobber2_goo":3,"minecraft:flint_and_steel":64,"minecraft:shield":59,"vanilla-hammers:obsidian_hammer":1363,"minecraft:torch":8,"gobber2:gobber2_goo_nether":1,"minecraft:dirt":17,"minecraft:mutton":1,"minecraft:iron_axe":133,"minecraft:beef":4,"minecraft:furnace":4,"minecraft:egg":1,"minecraft:cooked_beef":3,"minecraft:diorite":10,"emerald_tools:obsidian_pickaxe":42,"minecraft:stone_pickaxe":131,"minecraft:oak_planks":4,"minecraft:wooden_pickaxe":60,"minecraft:golden_apple":1,"minecraft:crafting_table":5,"battletowers:key_pickaxe":6,"gobber2:gobber2_gooey_bread_nether":1,"minecraft:apple":5,"minecraft:bread":29,"minecraft:iron_pickaxe":251,"minecraft:stone_axe":5,"minecraft:chiseled_stone_bricks":7,"minecraft:cobblestone":109,"gobber2:gobber2_gooey_beef_nether":1},"minecraft:crafted":{"minecraft:oak_planks":56,"minecraft:furnace":2,"minecraft:bone_meal":6,"minecraft:iron_axe":1,"minecraft:stone_pickaxe":1,"minecraft:chest":2,"minecraft:cooked_beef":3,"gobber2:gobber2_sword":1,"simple_backpack:backpack":2,"gobber2:gobber2_ingot":15,"minecraft:crafting_table":1,"minecraft:iron_helmet":1,"minecraft:wooden_pickaxe":1,"gobber2:gobber2_rod":2,"minecraft:stone_axe":1,"minecraft:air":0,"minecraft:iron_chestplate":1,"minecraft:shield":2,"minecraft:white_dye":6,"minecraft:stick":16,"minecraft:iron_ingot":69,"minecraft:iron_pickaxe":1,"minecraft:iron_block":2,"minecraft:gold_ingot":7,"minecraft:torch":32},"minecraft:dropped":{"minecraft:iron_ingot":1,"simple_backpack:backpack":1,"minecraft:wheat_seeds":2,"battletowers:key_pickaxe":1,"gobber2:gobber2_sword":1,"minecraft:prismarine_shard":2,"minecraft:cobblestone":1153,"minecraft:prismarine_crystals":1,"minecraft:leather":1,"minecraft:granite":72,"minecraft:cod":1,"minecraft:stick":12,"minecraft:flint":2,"betteranimalsplus:trillium":1,"minecraft:dirt":13,"minecraft:gray_wool":1,"minecraft:diorite":37,"minecraft:cornflower":1,"minecraft:brown_wool":1,"minecraft:string":6,"minecraft:white_wool":6,"minecraft:gold_ingot":12,"minecraft:redstone":45,"minecraft:gravel":6,"minecraft:rotten_flesh":6,"minecraft:oak_planks":21,"minecraft:iron_boots":2,"minecraft:chiseled_stone_bricks":21,"minecraft:iron_chestplate":1,"minecraft:andesite":75,"minecraft:oak_sapling":5,"betteranimalsplus:antler":2,"minecraft:white_dye":6,"minecraft:netherrack":17,"minecraft:egg":2},"minecraft:custom":{"minecraft:mob_kills":64,"minecraft:interact_with_crafting_table":44,"minecraft:open_barrel":5,"minecraft:time_since_death":29750,"minecraft:climb_one_cm":30839,"minecraft:sprint_one_cm":248256,"minecraft:walk_one_cm":273903,"minecraft:damage_blocked_by_shield":1186,"minecraft:drop":82,"minecraft:deaths":7,"minecraft:sneak_time":9317,"minecraft:walk_under_water_one_cm":16078,"minecraft:jump":2870,"minecraft:interact_with_blast_furnace":2,"minecraft:walk_on_water_one_cm":45479,"minecraft:interact_with_furnace":40,"minecraft:play_one_minute":178040,"minecraft:interact_with_stonecutter":2,"minecraft:time_since_rest":29777,"minecraft:damage_taken":5065,"minecraft:damage_absorbed":39,"minecraft:damage_dealt":11474,"minecraft:swim_one_cm":30770,"minecraft:fly_one_cm":419663,"minecraft:open_chest":33,"minecraft:crouch_one_cm":15284,"minecraft:fall_one_cm":82113},"minecraft:killed_by":{"minecraft:guardian":1,"minecraft:zombie":4},"minecraft:broken":{"minecraft:flint_and_steel":1,"minecraft:wooden_pickaxe":1,"minecraft:stone_pickaxe":1,"minecraft:iron_axe":1,"minecraft:iron_pickaxe":1,"minecraft:iron_helmet":1},"minecraft:killed":{"betteranimalsplus:coyote":1,"minecraft:spider":3,"betteranimalsplus:moose":1,"minecraft:skeleton":3,"minecraft:guardian":2,"minecraft:pig":1,"minecraft:sheep":7,"minecraft:zombie":30,"minecraft:enderman":2,"minecraft:cow":10},"minecraft:mined":{"minecraft:granite":57,"minecraft:grass_block":18,"gobber2:gobber2_lucky_block":2,"betteranimalsplus:trillium":1,"minecraft:chiseled_stone_bricks":38,"minecraft:spawner":14,"minecraft:magma_block":7,"minecraft:redstone_ore":40,"minecraft:furnace":5,"minecraft:iron_ore":91,"minecraft:fire":10,"minecraft:andesite":84,"minecraft:vine":1,"minecraft:stone":1076,"minecraft:cornflower":1,"minecraft:crafting_table":5,"minecraft:blast_furnace":1,"minecraft:stone_slab":2,"minecraft:tall_grass":2,"minecraft:lapis_ore":8,"minecraft:oak_planks":1,"minecraft:diorite":61,"minecraft:wall_torch":2,"minecraft:stone_brick_stairs":1,"minecraft:grass":21,"minecraft:oak_log":12,"minecraft:coal_ore":83,"minecraft:gravel":8,"minecraft:dirt":25,"minecraft:stone_bricks":40,"minecraft:netherrack":34,"minecraft:gold_ore":28,"minecraft:mossy_stone_bricks":12,"minecraft:oak_leaves":2}},"DataVersion":2586}