{"stats":{"minecraft:killed":{"betteranimalsplus:coyote":5,"minecraft:witch":1,"minecraft:spider":5,"minecraft:skeleton":13,"betteranimalsplus:goose":1,"minecraft:drowned":1,"betteranimalsplus:goat":1,"minecraft:husk":3,"betteranimalsplus:lamprey":2,"minecraft:pig":4,"minecraft:salmon":3,"betteranimalsplus:pheasant":3,"minecraft:creeper":1,"betteranimalsplus:eel_freshwater":1,"minecraft:sheep":2,"minecraft:zombie":1},"minecraft:broken":{"minecraft:stone_axe":1},"minecraft:crafted":{"minecraft:oak_planks":64,"minecraft:furnace":1,"minecraft:bone_meal":153,"minecraft:cooked_mutton":4,"minecraft:flint_and_steel":1,"vanilla-hammers:wooden_hammer":1,"minecraft:stone_pickaxe":2,"betteranimalsplus:calamari_cooked":1,"minecraft:wheat":216,"minecraft:crafting_table":2,"minecraft:wooden_pickaxe":2,"minecraft:cooked_salmon":2,"minecraft:stone_axe":3,"minecraft:air":0,"minecraft:bread":46,"minecraft:shield":2,"minecraft:stick":28,"minecraft:iron_ingot":3,"minecraft:iron_pickaxe":2,"minecraft:wooden_axe":1,"betteranimalsplus:eel_meat_cooked":1,"minecraft:acacia_planks":20,"betteranimalsplus:pheasantcooked":1},"minecraft:killed_by":{"minecraft:spider":1,"minecraft:enderman":1,"betteranimalsplus:moose":1,"minecraft:skeleton":3},"minecraft:dropped":{"minecraft:iron_ingot":1,"minecraft:soul_sand":3,"minecraft:wheat_seeds":37,"minecraft:tnt":5,"minecraft:golden_horse_armor":2,"minecraft:sandstone_slab":2,"minecraft:feather":3,"minecraft:leather":2,"minecraft:granite":1,"minecraft:cut_sandstone_slab":2,"minecraft:stick":17,"minecraft:cyan_terracotta":4,"minecraft:orange_carpet":1,"minecraft:stone_button":2,"minecraft:ink_sac":1,"minecraft:cut_sandstone":9,"minecraft:cooked_salmon":2,"minecraft:smooth_sandstone_slab":1,"minecraft:iron_pickaxe":2,"minecraft:cactus":12,"minecraft:paper":3,"minecraft:redstone":8,"minecraft:stone_axe":1,"minecraft:lever":1,"minecraft:smooth_stone_slab":1,"minecraft:green_bed":1,"minecraft:wheat":77,"minecraft:rotten_flesh":3,"minecraft:acacia_button":1,"minecraft:cut_red_sandstone":1,"minecraft:chiseled_stone_bricks":1,"minecraft:gunpowder":2,"minecraft:orange_terracotta":1,"minecraft:andesite":8,"minecraft:acacia_slab":1,"minecraft:acacia_sapling":2,"minecraft:redstone_torch":1,"minecraft:spider_eye":3,"minecraft:bow":1,"minecraft:wooden_pickaxe":1,"minecraft:arrow":2,"minecraft:stone_pickaxe":1},"minecraft:used":{"betteranimalsplus:calamari_cooked":1,"minecraft:shield":26,"minecraft:dirt":26,"betteranimalsplus:pheasantcooked":1,"minecraft:wooden_axe":17,"minecraft:cyan_terracotta":1,"betteranimalsplus:eel_meat_cooked":1,"minecraft:bow":2,"minecraft:furnace":3,"minecraft:acacia_planks":4,"minecraft:cooked_mutton":4,"minecraft:stone_pickaxe":124,"minecraft:wooden_pickaxe":38,"minecraft:sandstone":16,"minecraft:cut_sandstone":5,"minecraft:crafting_table":6,"minecraft:redstone_torch":1,"minecraft:bread":19,"minecraft:iron_pickaxe":50,"minecraft:gravel":2,"betteranimalsplus:eel_meat_raw":4,"minecraft:stone_axe":130,"vanilla-hammers:wooden_hammer":44},"minecraft:custom":{"minecraft:mob_kills":47,"minecraft:interact_with_crafting_table":26,"minecraft:leave_game":6,"minecraft:time_since_death":8020,"minecraft:climb_one_cm":435,"minecraft:sprint_one_cm":174001,"minecraft:walk_one_cm":304141,"minecraft:damage_blocked_by_shield":560,"minecraft:drop":60,"minecraft:deaths":6,"minecraft:sneak_time":6260,"minecraft:walk_under_water_one_cm":6951,"minecraft:jump":1259,"minecraft:walk_on_water_one_cm":8778,"minecraft:interact_with_furnace":26,"minecraft:play_one_minute":113661,"minecraft:sleep_in_bed":1,"minecraft:time_since_rest":8046,"minecraft:damage_taken":3062,"minecraft:damage_dealt":5281,"minecraft:swim_one_cm":3389,"minecraft:fly_one_cm":182456,"minecraft:open_chest":32,"minecraft:crouch_one_cm":17129,"minecraft:fall_one_cm":26275,"minecraft:horse_one_cm":189505},"minecraft:mined":{"minecraft:cut_sandstone_slab":4,"minecraft:stone_pressure_plate":1,"minecraft:granite":1,"minecraft:stone_button":2,"minecraft:acacia_log":14,"minecraft:grass_block":10,"minecraft:redstone_wire":1,"minecraft:acacia_slab":1,"minecraft:sandstone":67,"minecraft:sandstone_stairs":3,"minecraft:spawner":2,"minecraft:hay_block":24,"minecraft:tall_seagrass":1,"minecraft:furnace":3,"minecraft:iron_ore":8,"minecraft:chiseled_sandstone":1,"minecraft:gold_block":4,"minecraft:bookshelf":8,"minecraft:stone":64,"minecraft:green_bed":1,"minecraft:redstone_wall_torch":2,"minecraft:cut_sandstone":14,"minecraft:cyan_terracotta":1,"minecraft:orange_terracotta":2,"minecraft:crafting_table":5,"minecraft:chest":1,"minecraft:tall_grass":5,"minecraft:smooth_sandstone_slab":1,"minecraft:orange_carpet":1,"minecraft:blue_terracotta":1,"minecraft:wheat":3,"minecraft:tnt":2,"minecraft:grass":21,"minecraft:oak_log":16,"minecraft:coal_ore":18,"minecraft:gravel":3,"minecraft:sand":9,"minecraft:dirt":22,"minecraft:oak_leaves":3},"minecraft:picked_up":{"minecraft:crafting_table":6,"betteranimalsplus:calamari_raw":1,"minecraft:wheat":3,"minecraft:sandstone_slab":3,"minecraft:wooden_pickaxe":1,"minecraft:gold_block":4,"minecraft:stone_brick_stairs":4,"minecraft:acacia_button":1,"minecraft:chain":2,"minecraft:shield":2,"minecraft:string":84,"minecraft:smooth_stone_slab":2,"minecraft:flint_and_steel":1,"minecraft:redstone_torch":2,"minecraft:iron_pickaxe":3,"minecraft:chest":3,"minecraft:furnace":4,"minecraft:stick":72,"minecraft:sandstone":254,"minecraft:acacia_log":28,"minecraft:green_bed":3,"minecraft:porkchop":7,"minecraft:stone_button":3,"minecraft:redstone":8,"minecraft:stone_pressure_plate":1,"minecraft:smooth_sandstone_slab":1,"minecraft:tnt":10,"minecraft:arrow":50,"minecraft:cactus":12,"minecraft:rotten_flesh":5,"minecraft:hay_block":24,"minecraft:sandstone_stairs":2,"minecraft:cyan_terracotta":6,"betteranimalsplus:goose_egg":1,"minecraft:mutton":8,"minecraft:white_wool":1,"minecraft:cobblestone":105,"minecraft:feather":6,"minecraft:andesite":8,"minecraft:salmon":4,"minecraft:orange_carpet":1,"minecraft:cut_sandstone":28,"minecraft:leather":4,"minecraft:flint":1,"minecraft:oak_log":16,"minecraft:gunpowder":2,"minecraft:cut_sandstone_slab":4,"minecraft:dirt":47,"minecraft:paper":6,"minecraft:orange_terracotta":5,"minecraft:bone":146,"minecraft:acacia_planks":54,"minecraft:bow":2,"minecraft:wheat_seeds":40,"minecraft:iron_ingot":13,"minecraft:stone_pickaxe":5,"minecraft:iron_ore":8,"minecraft:acacia_sapling":2,"minecraft:oak_planks":25,"minecraft:soul_sand":6,"minecraft:book":24,"vanilla-hammers:wooden_hammer":2,"minecraft:chiseled_stone_bricks":2,"minecraft:gravel":3,"betteranimalsplus:pheasantraw":3,"minecraft:sand":66,"minecraft:ink_sac":2,"minecraft:chiseled_sandstone":1,"minecraft:spider_eye":3,"minecraft:cut_red_sandstone":2,"betteranimalsplus:eel_meat_raw":5,"minecraft:blue_terracotta":1,"minecraft:sugar":6,"minecraft:diamond":6,"minecraft:stone_axe":5,"minecraft:lever":1,"minecraft:granite":2,"minecraft:golden_apple":4,"minecraft:golden_horse_armor":11,"minecraft:bread":82,"minecraft:acacia_slab":1,"minecraft:coal":65}},"DataVersion":2586}