{"stats":{"minecraft:used":{"minecraft:wooden_axe":17,"minecraft:stone_pickaxe":41,"minecraft:wooden_pickaxe":38,"minecraft:sandstone":12,"minecraft:cut_sandstone":3,"minecraft:stone_axe":3,"minecraft:crafting_table":2},"minecraft:custom":{"minecraft:time_since_rest":6169,"minecraft:sprint_one_cm":42796,"minecraft:damage_taken":541,"minecraft:walk_one_cm":38699,"minecraft:mob_kills":8,"minecraft:drop":1,"minecraft:damage_dealt":919,"minecraft:interact_with_crafting_table":6,"minecraft:fly_one_cm":41658,"minecraft:open_chest":12,"minecraft:play_one_minute":23356,"minecraft:crouch_one_cm":3807,"minecraft:deaths":2,"minecraft:sneak_time":1873,"minecraft:jump":237,"minecraft:leave_game":2,"minecraft:walk_on_water_one_cm":1003,"minecraft:time_since_death":5919,"minecraft:fall_one_cm":4207},"minecraft:mined":{"minecraft:cut_sandstone":6,"minecraft:stone_pressure_plate":1,"minecraft:chiseled_sandstone":1,"minecraft:tnt":2,"minecraft:crafting_table":1,"minecraft:grass":7,"minecraft:grass_block":4,"minecraft:oak_log":12,"minecraft:dirt":3,"minecraft:tall_grass":4,"minecraft:stone":43,"minecraft:sandstone":16},"minecraft:killed_by":{"minecraft:skeleton":1,"betteranimalsplus:moose":1},"minecraft:dropped":{"minecraft:spider_eye":1},"minecraft:killed":{"minecraft:pig":4,"minecraft:spider":3,"betteranimalsplus:pheasant":1},"minecraft:crafted":{"minecraft:oak_planks":48,"minecraft:crafting_table":2,"minecraft:stick":16,"minecraft:wooden_pickaxe":2,"minecraft:stone_pickaxe":2,"minecraft:wooden_axe":1,"minecraft:stone_axe":1},"minecraft:picked_up":{"minecraft:crafting_table":1,"minecraft:sandstone":12,"minecraft:cut_sandstone":4,"betteranimalsplus:pheasantraw":1,"minecraft:porkchop":7,"minecraft:oak_log":12,"minecraft:chiseled_sandstone":1,"minecraft:stone_pressure_plate":1,"minecraft:dirt":7,"minecraft:spider_eye":1,"minecraft:string":2,"minecraft:tnt":5,"minecraft:wheat_seeds":2,"minecraft:cobblestone":43}},"DataVersion":2586}