{"stats":{"minecraft:killed":{"betteranimalsplus:coyote":5,"minecraft:witch":1,"minecraft:vindicator":1,"minecraft:spider":8,"minecraft:skeleton":16,"betteranimalsplus:goose":1,"minecraft:drowned":1,"betteranimalsplus:goat":1,"minecraft:husk":6,"betteranimalsplus:lamprey":2,"minecraft:pig":4,"minecraft:salmon":3,"betteranimalsplus:pheasant":3,"minecraft:creeper":2,"betteranimalsplus:eel_freshwater":2,"minecraft:sheep":2,"minecraft:pillager":4,"minecraft:zombie":22,"minecraft:enderman":1},"minecraft:broken":{"minecraft:iron_axe":1,"minecraft:stone_axe":1},"minecraft:crafted":{"minecraft:oak_planks":64,"minecraft:furnace":3,"minecraft:bone_meal":153,"minecraft:cooked_mutton":4,"minecraft:flint_and_steel":1,"vanilla-hammers:wooden_hammer":1,"minecraft:bow":2,"minecraft:stone_pickaxe":2,"betteranimalsplus:calamari_cooked":1,"minecraft:wheat":216,"minecraft:crafting_table":3,"minecraft:iron_helmet":2,"minecraft:wooden_pickaxe":2,"minecraft:cooked_salmon":2,"minecraft:stone_axe":3,"minecraft:air":0,"minecraft:bread":46,"minecraft:iron_chestplate":2,"minecraft:diamond_pickaxe":1,"minecraft:shield":2,"minecraft:stick":28,"minecraft:iron_ingot":15,"minecraft:iron_pickaxe":3,"minecraft:iron_leggings":1,"minecraft:wooden_axe":1,"betteranimalsplus:eel_meat_cooked":1,"minecraft:acacia_planks":20,"betteranimalsplus:pheasantcooked":1},"minecraft:killed_by":{"minecraft:spider":1,"minecraft:enderman":1,"betteranimalsplus:moose":1,"minecraft:skeleton":3},"minecraft:dropped":{"minecraft:enchanted_book":1,"minecraft:iron_ingot":1,"minecraft:bread":1,"minecraft:soul_sand":3,"minecraft:wheat_seeds":38,"minecraft:tnt":5,"minecraft:golden_horse_armor":2,"minecraft:sandstone_stairs":1,"minecraft:sandstone_slab":2,"minecraft:iron_helmet":2,"minecraft:feather":3,"minecraft:leather":2,"minecraft:granite":1,"minecraft:cut_sandstone_slab":6,"minecraft:stick":17,"minecraft:cyan_terracotta":4,"minecraft:orange_carpet":1,"minecraft:stone_button":2,"minecraft:ink_sac":1,"minecraft:cut_sandstone":12,"minecraft:cooked_salmon":2,"minecraft:bone_meal":114,"minecraft:smooth_sandstone_slab":2,"betteranimalsplus:eel_meat_raw":4,"minecraft:iron_pickaxe":3,"minecraft:cactus":12,"minecraft:paper":3,"minecraft:string":12,"minecraft:smooth_sandstone":2,"minecraft:birch_log":1,"minecraft:bone":2,"minecraft:redstone":8,"minecraft:stone_axe":1,"betteranimalsplus:pheasantraw":1,"minecraft:lever":1,"minecraft:iron_nugget":1,"minecraft:smooth_stone_slab":1,"minecraft:green_bed":1,"minecraft:wheat":77,"minecraft:rotten_flesh":25,"minecraft:flint_and_steel":1,"minecraft:acacia_button":1,"minecraft:cut_red_sandstone":1,"minecraft:chiseled_stone_bricks":1,"minecraft:gunpowder":2,"minecraft:orange_terracotta":1,"minecraft:iron_chestplate":1,"minecraft:andesite":8,"minecraft:melon_seeds":7,"minecraft:acacia_slab":1,"minecraft:acacia_sapling":2,"minecraft:redstone_torch":1,"minecraft:spider_eye":4,"minecraft:sandstone":77,"minecraft:bow":2,"minecraft:wooden_pickaxe":1,"minecraft:arrow":3,"minecraft:stone_pickaxe":1},"minecraft:used":{"minecraft:flint_and_steel":21,"betteranimalsplus:calamari_cooked":1,"minecraft:chest":1,"minecraft:shield":82,"minecraft:dirt":26,"betteranimalsplus:pheasantcooked":1,"minecraft:wooden_axe":17,"minecraft:cyan_terracotta":1,"betteranimalsplus:eel_meat_cooked":1,"minecraft:iron_axe":119,"minecraft:bow":3,"minecraft:furnace":7,"minecraft:acacia_planks":4,"minecraft:cooked_mutton":4,"minecraft:stone_pickaxe":124,"minecraft:wooden_pickaxe":38,"minecraft:sandstone":72,"minecraft:cut_sandstone":5,"minecraft:sand":28,"minecraft:lime_bed":1,"minecraft:crafting_table":11,"minecraft:redstone_torch":1,"minecraft:diamond_pickaxe":15,"minecraft:bread":53,"minecraft:iron_pickaxe":112,"minecraft:gravel":2,"betteranimalsplus:eel_meat_raw":4,"minecraft:stone_axe":151,"vanilla-hammers:wooden_hammer":44},"minecraft:custom":{"minecraft:mob_kills":85,"minecraft:interact_with_crafting_table":42,"minecraft:bell_ring":1,"minecraft:leave_game":6,"minecraft:time_since_death":56020,"minecraft:climb_one_cm":5312,"minecraft:sprint_one_cm":258550,"minecraft:walk_one_cm":453389,"minecraft:damage_blocked_by_shield":1730,"minecraft:drop":105,"minecraft:talked_to_villager":14,"minecraft:raid_win":1,"minecraft:deaths":6,"minecraft:sneak_time":8548,"minecraft:walk_under_water_one_cm":11982,"minecraft:jump":1885,"minecraft:walk_on_water_one_cm":18288,"minecraft:interact_with_furnace":39,"minecraft:play_one_minute":161661,"minecraft:sleep_in_bed":2,"minecraft:time_since_rest":16709,"minecraft:damage_taken":4792,"minecraft:damage_dealt":13750,"minecraft:swim_one_cm":5482,"minecraft:fly_one_cm":265594,"minecraft:open_chest":43,"minecraft:crouch_one_cm":20852,"minecraft:fall_one_cm":38633,"minecraft:horse_one_cm":289539},"minecraft:mined":{"minecraft:crying_obsidian":1,"minecraft:cut_sandstone_slab":4,"minecraft:stone_pressure_plate":1,"minecraft:obsidian":10,"minecraft:granite":1,"minecraft:stone_button":2,"minecraft:acacia_log":14,"minecraft:grass_block":10,"minecraft:redstone_wire":1,"minecraft:acacia_slab":1,"minecraft:sandstone":82,"minecraft:sandstone_stairs":6,"minecraft:spawner":5,"minecraft:hay_block":24,"minecraft:tall_seagrass":3,"minecraft:magma_block":4,"minecraft:furnace":5,"minecraft:iron_ore":14,"minecraft:fire":1,"minecraft:chiseled_sandstone":1,"minecraft:gold_block":5,"minecraft:bookshelf":8,"minecraft:stone":64,"minecraft:green_bed":1,"minecraft:redstone_wall_torch":2,"minecraft:cut_sandstone":14,"minecraft:cyan_terracotta":1,"minecraft:orange_terracotta":2,"minecraft:stone_brick_slab":1,"minecraft:smooth_sandstone":7,"minecraft:crafting_table":8,"minecraft:chest":2,"minecraft:tall_grass":5,"minecraft:smooth_sandstone_slab":2,"minecraft:orange_carpet":1,"minecraft:lime_bed":1,"minecraft:cactus":1,"minecraft:blue_terracotta":1,"minecraft:wheat":3,"minecraft:white_wall_banner":4,"minecraft:tnt":2,"minecraft:grass":21,"minecraft:oak_log":16,"minecraft:coal_ore":18,"minecraft:gravel":3,"minecraft:sand":22,"minecraft:dirt":22,"minecraft:netherrack":15,"minecraft:oak_leaves":3},"minecraft:picked_up":{"minecraft:crafting_table":9,"betteranimalsplus:calamari_raw":1,"minecraft:wheat":3,"minecraft:sandstone_slab":3,"minecraft:wooden_pickaxe":1,"minecraft:gold_block":5,"minecraft:enchanted_book":2,"minecraft:stone_brick_stairs":4,"minecraft:acacia_button":1,"minecraft:chain":2,"minecraft:shield":2,"minecraft:string":98,"minecraft:iron_axe":1,"minecraft:smooth_stone_slab":2,"minecraft:flint_and_steel":1,"minecraft:redstone_torch":2,"minecraft:iron_pickaxe":3,"minecraft:chest":4,"minecraft:furnace":8,"minecraft:stick":73,"minecraft:sandstone":260,"minecraft:acacia_log":28,"minecraft:green_bed":3,"minecraft:porkchop":7,"minecraft:stone_button":3,"minecraft:redstone":8,"minecraft:stone_pressure_plate":1,"minecraft:smooth_sandstone_slab":2,"minecraft:tnt":10,"minecraft:arrow":69,"minecraft:cactus":12,"minecraft:rotten_flesh":27,"minecraft:hay_block":24,"minecraft:sandstone_stairs":2,"minecraft:cyan_terracotta":6,"minecraft:saddle":2,"minecraft:gold_ingot":3,"minecraft:obsidian":9,"betteranimalsplus:goose_egg":1,"minecraft:mutton":8,"minecraft:white_wool":1,"minecraft:cobblestone":105,"minecraft:lime_bed":1,"minecraft:magma_block":5,"minecraft:feather":6,"minecraft:andesite":8,"minecraft:salmon":4,"minecraft:orange_carpet":1,"minecraft:cut_sandstone":28,"minecraft:leather":4,"minecraft:flint":1,"minecraft:oak_log":16,"minecraft:gunpowder":19,"minecraft:cut_sandstone_slab":6,"minecraft:dirt":47,"minecraft:paper":6,"minecraft:orange_terracotta":5,"minecraft:smooth_sandstone":2,"minecraft:bone":164,"minecraft:acacia_planks":54,"minecraft:bow":2,"minecraft:wheat_seeds":41,"minecraft:iron_ingot":16,"minecraft:stone_pickaxe":5,"minecraft:iron_ore":14,"minecraft:acacia_sapling":2,"minecraft:oak_planks":25,"minecraft:soul_sand":6,"minecraft:book":24,"vanilla-hammers:wooden_hammer":2,"minecraft:chiseled_stone_bricks":2,"battletowers:boss_key":4,"minecraft:gravel":3,"betteranimalsplus:pheasantraw":4,"minecraft:sand":78,"minecraft:ink_sac":2,"minecraft:crying_obsidian":1,"minecraft:chiseled_sandstone":1,"minecraft:spider_eye":4,"minecraft:cut_red_sandstone":2,"betteranimalsplus:eel_meat_raw":9,"minecraft:blue_terracotta":1,"minecraft:sugar":6,"minecraft:diamond":6,"minecraft:stone_axe":5,"minecraft:lever":1,"minecraft:iron_helmet":1,"minecraft:granite":2,"minecraft:bone_meal":25,"minecraft:golden_apple":5,"minecraft:emerald":1,"minecraft:golden_horse_armor":11,"minecraft:bread":84,"minecraft:melon_seeds":7,"minecraft:netherrack":17,"minecraft:acacia_slab":1,"minecraft:coal":86,"minecraft:diamond_pickaxe":1}},"DataVersion":2586}