{"stats":{"minecraft:killed":{"betteranimalsplus:coyote":5,"minecraft:witch":1,"minecraft:vindicator":1,"minecraft:spider":8,"minecraft:skeleton":17,"betteranimalsplus:goose":1,"minecraft:drowned":1,"betteranimalsplus:goat":1,"minecraft:husk":6,"betteranimalsplus:lamprey":2,"minecraft:pig":4,"minecraft:salmon":3,"betteranimalsplus:pheasant":3,"minecraft:creeper":2,"betteranimalsplus:eel_freshwater":2,"minecraft:sheep":2,"minecraft:pillager":4,"minecraft:zombie":62,"minecraft:enderman":2},"minecraft:broken":{"minecraft:iron_axe":1,"minecraft:stone_axe":2},"minecraft:crafted":{"minecraft:oak_planks":64,"minecraft:furnace":3,"minecraft:bone_meal":153,"minecraft:cooked_mutton":4,"minecraft:flint_and_steel":1,"vanilla-hammers:wooden_hammer":1,"minecraft:bow":2,"minecraft:stone_pickaxe":2,"betteranimalsplus:calamari_cooked":1,"minecraft:wheat":216,"minecraft:crafting_table":5,"minecraft:iron_helmet":2,"minecraft:wooden_pickaxe":2,"minecraft:iron_sword":1,"minecraft:cooked_salmon":2,"minecraft:stone_axe":4,"minecraft:air":0,"minecraft:bread":49,"minecraft:iron_chestplate":2,"minecraft:diamond_pickaxe":1,"minecraft:shield":3,"minecraft:stick":28,"minecraft:iron_ingot":29,"minecraft:iron_pickaxe":3,"minecraft:iron_leggings":1,"minecraft:wooden_axe":1,"betteranimalsplus:eel_meat_cooked":1,"minecraft:acacia_planks":20,"betteranimalsplus:pheasantcooked":1},"minecraft:killed_by":{"minecraft:spider":1,"minecraft:enderman":1,"betteranimalsplus:moose":1,"minecraft:skeleton":3,"minecraft:zombie":3},"minecraft:dropped":{"minecraft:enchanted_book":1,"minecraft:iron_sword":3,"minecraft:iron_ingot":1,"minecraft:bread":6,"minecraft:soul_sand":3,"minecraft:wheat_seeds":38,"minecraft:tnt":5,"minecraft:golden_horse_armor":2,"minecraft:sandstone_stairs":1,"minecraft:sandstone_slab":2,"minecraft:iron_helmet":2,"minecraft:feather":3,"minecraft:leather":3,"minecraft:granite":1,"minecraft:cut_sandstone_slab":6,"minecraft:stick":22,"minecraft:cyan_terracotta":4,"minecraft:orange_carpet":1,"minecraft:stone_button":2,"minecraft:ink_sac":1,"minecraft:cut_sandstone":12,"minecraft:cooked_salmon":2,"minecraft:bone_meal":114,"minecraft:smooth_sandstone_slab":2,"betteranimalsplus:eel_meat_raw":4,"minecraft:iron_pickaxe":4,"minecraft:cactus":12,"minecraft:paper":3,"minecraft:string":12,"minecraft:smooth_sandstone":7,"minecraft:birch_log":1,"minecraft:music_disc_cat":1,"minecraft:bone":18,"minecraft:redstone":9,"minecraft:stone_axe":1,"betteranimalsplus:pheasantraw":1,"minecraft:lever":1,"minecraft:iron_nugget":1,"minecraft:smooth_stone_slab":1,"minecraft:green_bed":1,"minecraft:wheat":79,"minecraft:rotten_flesh":48,"minecraft:flint_and_steel":1,"minecraft:acacia_button":1,"minecraft:cut_red_sandstone":1,"minecraft:chiseled_stone_bricks":1,"minecraft:sandstone_wall":1,"minecraft:potato":1,"minecraft:gunpowder":19,"minecraft:orange_terracotta":1,"minecraft:iron_chestplate":1,"minecraft:andesite":8,"minecraft:melon_seeds":7,"minecraft:acacia_slab":1,"minecraft:acacia_sapling":2,"minecraft:redstone_torch":1,"minecraft:spider_eye":4,"minecraft:sandstone":101,"minecraft:bow":3,"minecraft:wooden_pickaxe":1,"minecraft:arrow":3,"minecraft:stone_pickaxe":2},"minecraft:used":{"minecraft:flint_and_steel":21,"betteranimalsplus:calamari_cooked":1,"minecraft:chest":2,"minecraft:shield":139,"minecraft:iron_sword":114,"minecraft:dirt":26,"betteranimalsplus:pheasantcooked":1,"minecraft:wooden_axe":17,"minecraft:cyan_terracotta":1,"betteranimalsplus:eel_meat_cooked":1,"minecraft:iron_axe":119,"minecraft:smooth_sandstone":6,"minecraft:bow":6,"minecraft:furnace":15,"minecraft:acacia_planks":4,"minecraft:cooked_mutton":4,"minecraft:stone_pickaxe":124,"minecraft:oak_planks":8,"minecraft:wooden_pickaxe":38,"minecraft:sandstone":108,"minecraft:cut_sandstone":5,"minecraft:golden_apple":2,"minecraft:sand":32,"minecraft:lime_bed":1,"minecraft:crafting_table":13,"minecraft:redstone_torch":1,"minecraft:diamond_pickaxe":20,"minecraft:bread":71,"minecraft:iron_pickaxe":147,"minecraft:gravel":2,"betteranimalsplus:eel_meat_raw":4,"minecraft:stone_axe":194,"vanilla-hammers:wooden_hammer":46},"minecraft:custom":{"minecraft:mob_kills":131,"minecraft:interact_with_crafting_table":52,"minecraft:bell_ring":1,"minecraft:leave_game":6,"minecraft:time_since_death":5542,"minecraft:climb_one_cm":20325,"minecraft:sprint_one_cm":320159,"minecraft:walk_one_cm":590118,"minecraft:damage_blocked_by_shield":2273,"minecraft:drop":136,"minecraft:talked_to_villager":14,"minecraft:raid_win":1,"minecraft:deaths":10,"minecraft:sneak_time":9903,"minecraft:walk_under_water_one_cm":11982,"minecraft:jump":2352,"minecraft:walk_on_water_one_cm":18288,"minecraft:interact_with_furnace":68,"minecraft:play_one_minute":191661,"minecraft:sleep_in_bed":2,"minecraft:time_since_rest":5569,"minecraft:damage_taken":7070,"minecraft:damage_absorbed":78,"minecraft:damage_dealt":21812,"minecraft:swim_one_cm":5482,"minecraft:fly_one_cm":323060,"minecraft:open_chest":101,"minecraft:crouch_one_cm":25671,"minecraft:fall_one_cm":48560,"minecraft:horse_one_cm":289539},"minecraft:mined":{"minecraft:crying_obsidian":1,"minecraft:cut_sandstone_slab":4,"minecraft:stone_pressure_plate":1,"minecraft:obsidian":10,"minecraft:granite":1,"minecraft:stone_button":2,"minecraft:acacia_log":14,"minecraft:grass_block":10,"minecraft:redstone_wire":1,"minecraft:acacia_slab":1,"minecraft:sandstone":93,"minecraft:sandstone_stairs":7,"minecraft:spawner":12,"minecraft:hay_block":24,"minecraft:tall_seagrass":3,"minecraft:magma_block":4,"minecraft:furnace":11,"minecraft:iron_ore":14,"minecraft:fire":1,"minecraft:chiseled_sandstone":1,"minecraft:gold_block":5,"minecraft:bookshelf":8,"minecraft:stone":64,"minecraft:green_bed":1,"minecraft:redstone_wall_torch":2,"minecraft:cut_sandstone":14,"minecraft:cyan_terracotta":1,"minecraft:orange_terracotta":2,"minecraft:stone_brick_slab":1,"minecraft:smooth_sandstone":20,"minecraft:crafting_table":8,"minecraft:chest":3,"minecraft:tall_grass":5,"minecraft:oak_planks":2,"minecraft:smooth_sandstone_slab":2,"minecraft:orange_carpet":1,"minecraft:lime_bed":1,"minecraft:cactus":1,"minecraft:blue_terracotta":1,"minecraft:wheat":3,"minecraft:white_wall_banner":4,"minecraft:tnt":2,"minecraft:grass":21,"minecraft:oak_log":16,"minecraft:coal_ore":18,"minecraft:gravel":3,"minecraft:sand":26,"minecraft:dirt":22,"minecraft:netherrack":15,"minecraft:oak_leaves":3},"minecraft:picked_up":{"minecraft:iron_chestplate":2,"minecraft:crafting_table":9,"betteranimalsplus:calamari_raw":1,"minecraft:wheat":8,"minecraft:sandstone_slab":3,"minecraft:wooden_pickaxe":1,"minecraft:gold_block":15,"minecraft:enchanted_book":5,"minecraft:diamond_horse_armor":2,"minecraft:stone_brick_stairs":4,"minecraft:acacia_button":1,"minecraft:chain":2,"minecraft:shield":2,"minecraft:music_disc_cat":1,"minecraft:string":137,"minecraft:iron_axe":1,"minecraft:smooth_stone_slab":2,"minecraft:flint_and_steel":1,"minecraft:redstone_torch":2,"minecraft:iron_pickaxe":6,"minecraft:chest":5,"minecraft:furnace":18,"minecraft:stick":83,"minecraft:sandstone":343,"minecraft:acacia_log":48,"minecraft:green_bed":3,"minecraft:sandstone_wall":1,"minecraft:porkchop":7,"minecraft:stone_button":3,"minecraft:redstone":11,"minecraft:stone_pressure_plate":1,"minecraft:smooth_sandstone_slab":2,"minecraft:tnt":10,"minecraft:arrow":98,"minecraft:cactus":12,"minecraft:rotten_flesh":58,"minecraft:hay_block":24,"minecraft:sandstone_stairs":2,"minecraft:cyan_terracotta":6,"minecraft:saddle":4,"minecraft:gold_ingot":45,"minecraft:obsidian":27,"betteranimalsplus:goose_egg":1,"minecraft:mutton":8,"minecraft:white_wool":1,"minecraft:cobblestone":121,"minecraft:lime_bed":1,"minecraft:magma_block":5,"minecraft:feather":6,"minecraft:andesite":8,"minecraft:salmon":4,"minecraft:orange_carpet":1,"minecraft:cut_sandstone":28,"minecraft:leather":7,"minecraft:potato":1,"minecraft:flint":1,"minecraft:oak_log":16,"minecraft:gunpowder":19,"minecraft:cut_sandstone_slab":6,"minecraft:dirt":47,"minecraft:paper":6,"minecraft:orange_terracotta":5,"minecraft:smooth_sandstone":19,"minecraft:bone":217,"minecraft:acacia_planks":74,"minecraft:bow":3,"minecraft:wheat_seeds":41,"minecraft:iron_ingot":38,"minecraft:stone_pickaxe":8,"minecraft:iron_ore":14,"minecraft:iron_sword":6,"minecraft:acacia_sapling":2,"minecraft:oak_planks":57,"minecraft:soul_sand":6,"minecraft:book":24,"vanilla-hammers:wooden_hammer":4,"minecraft:chiseled_stone_bricks":2,"battletowers:boss_key":30,"minecraft:gravel":3,"betteranimalsplus:pheasantraw":4,"minecraft:sand":82,"minecraft:ink_sac":2,"minecraft:crying_obsidian":1,"minecraft:chiseled_sandstone":1,"minecraft:spider_eye":4,"minecraft:cut_red_sandstone":2,"betteranimalsplus:eel_meat_raw":9,"minecraft:blue_terracotta":1,"minecraft:sugar":6,"minecraft:diamond":14,"minecraft:stone_axe":5,"minecraft:lever":1,"minecraft:iron_helmet":3,"minecraft:granite":2,"minecraft:bone_meal":153,"minecraft:golden_apple":15,"minecraft:emerald":3,"minecraft:golden_horse_armor":11,"minecraft:bread":115,"minecraft:melon_seeds":7,"minecraft:netherrack":51,"minecraft:acacia_slab":1,"minecraft:coal":329,"minecraft:diamond_pickaxe":3}},"DataVersion":2586}