{"stats":{"minecraft:killed":{"minecraft:slime":1,"minecraft:skeleton":6,"minecraft:drowned":1,"betteranimalsplus:tarantula":2,"minecraft:husk":2,"betteranimalsplus:lamprey":1,"minecraft:pillager":2},"minecraft:crafted":{"vanilla-hammers:wooden_hammer":1,"minecraft:wheat":9,"minecraft:crafting_table":1,"minecraft:iron_sword":1,"minecraft:acacia_button":6,"minecraft:bread":30,"minecraft:stick":4,"minecraft:acacia_planks":20,"minecraft:torch":4},"minecraft:killed_by":{"minecraft:creeper":1,"minecraft:enderman":1,"betteranimalsplus:moose":2,"minecraft:zombie":1},"minecraft:dropped":{"minecraft:soul_sand":1,"minecraft:feather":4,"minecraft:cobblestone":9,"minecraft:leather":1,"minecraft:cut_sandstone_slab":4,"betteranimalsplus:trillium":1,"minecraft:dirt":2,"minecraft:orange_carpet":3,"minecraft:cut_sandstone":13,"minecraft:smooth_sandstone_slab":2,"minecraft:sand":74,"minecraft:cactus":6,"minecraft:string":16,"minecraft:chiseled_sandstone":1,"minecraft:bone":14,"minecraft:blue_terracotta":1,"minecraft:smooth_sandstone_stairs":2,"minecraft:rotten_flesh":6,"minecraft:cut_red_sandstone":5,"minecraft:andesite":8,"minecraft:redstone_torch":1,"minecraft:sandstone":130,"minecraft:stone_pickaxe":1,"minecraft:stone_brick_stairs":3},"minecraft:used":{"minecraft:blue_terracotta":1,"minecraft:poppy":1,"minecraft:shield":29,"minecraft:iron_sword":27,"minecraft:cooked_salmon":2,"minecraft:torch":2,"minecraft:dirt":8,"minecraft:acacia_button":1,"minecraft:oak_sapling":1,"minecraft:egg":1,"minecraft:orange_terracotta":4,"minecraft:wooden_pickaxe":49,"minecraft:sandstone":29,"minecraft:cut_sandstone":4,"betteranimalsplus:pheasant_egg":2,"minecraft:white_wool":2,"minecraft:golden_apple":2,"betteranimalsplus:goose_egg":1,"minecraft:sand":10,"minecraft:tnt":5,"minecraft:crafting_table":2,"minecraft:chiseled_sandstone":1,"minecraft:bread":10,"minecraft:iron_pickaxe":132,"minecraft:stone_axe":23,"vanilla-hammers:wooden_hammer":13,"minecraft:cobblestone":6},"minecraft:custom":{"minecraft:mob_kills":15,"minecraft:interact_with_crafting_table":14,"minecraft:leave_game":4,"minecraft:time_since_death":54775,"minecraft:climb_one_cm":2176,"minecraft:sprint_one_cm":147557,"minecraft:walk_one_cm":404349,"minecraft:damage_blocked_by_shield":930,"minecraft:drop":30,"minecraft:talked_to_villager":69,"minecraft:deaths":5,"minecraft:sneak_time":2572,"minecraft:walk_under_water_one_cm":1565,"minecraft:jump":1425,"minecraft:walk_on_water_one_cm":12361,"minecraft:interact_with_furnace":8,"minecraft:play_one_minute":97382,"minecraft:sleep_in_bed":1,"minecraft:time_since_rest":36338,"minecraft:damage_taken":2188,"minecraft:damage_absorbed":80,"minecraft:damage_dealt":1200,"minecraft:swim_one_cm":10194,"minecraft:fly_one_cm":280793,"minecraft:open_chest":24,"minecraft:crouch_one_cm":9468,"minecraft:fall_one_cm":34611,"minecraft:horse_one_cm":42424},"minecraft:mined":{"minecraft:cut_sandstone_slab":4,"minecraft:chiseled_red_sandstone":1,"minecraft:acacia_log":5,"minecraft:grass_block":7,"minecraft:acacia_button":1,"betteranimalsplus:trillium":1,"minecraft:sandstone":44,"minecraft:spawner":3,"minecraft:hay_block":1,"minecraft:black_glazed_terracotta":4,"minecraft:iron_ore":1,"minecraft:chiseled_sandstone":1,"minecraft:vine":1,"minecraft:stripped_acacia_log":2,"minecraft:smooth_sandstone_stairs":2,"minecraft:stone":13,"minecraft:cut_sandstone":7,"minecraft:cyan_terracotta":2,"minecraft:orange_terracotta":1,"minecraft:crafting_table":2,"minecraft:poppy":1,"minecraft:dead_bush":9,"minecraft:tall_grass":25,"minecraft:smooth_sandstone_slab":3,"minecraft:wall_torch":1,"minecraft:orange_carpet":2,"minecraft:tnt":8,"minecraft:grass":219,"minecraft:coal_ore":38,"minecraft:sand":7,"minecraft:dirt":4,"minecraft:iron_trapdoor":1},"minecraft:picked_up":{"minecraft:wooden_axe":1,"minecraft:crafting_table":2,"minecraft:wheat":77,"minecraft:wooden_pickaxe":2,"minecraft:stone_brick_stairs":3,"minecraft:shield":1,"minecraft:cooked_salmon":2,"minecraft:smooth_stone_slab":1,"minecraft:redstone_torch":1,"minecraft:iron_pickaxe":1,"minecraft:poppy":1,"minecraft:egg":1,"minecraft:furnace":1,"minecraft:stick":14,"minecraft:sandstone":146,"minecraft:acacia_log":5,"minecraft:torch":1,"minecraft:porkchop":7,"minecraft:stone_button":1,"minecraft:iron_horse_armor":1,"minecraft:smooth_sandstone_slab":2,"minecraft:tnt":14,"minecraft:cactus":6,"minecraft:arrow":7,"minecraft:rotten_flesh":6,"minecraft:hay_block":1,"minecraft:mutton":4,"minecraft:white_wool":2,"betteranimalsplus:goose_egg":1,"minecraft:cobblestone":19,"minecraft:feather":7,"minecraft:salmon":2,"minecraft:andesite":8,"minecraft:leather":2,"minecraft:orange_carpet":3,"minecraft:cut_sandstone":17,"minecraft:smooth_sandstone_stairs":2,"minecraft:dirt":18,"minecraft:cut_sandstone_slab":4,"minecraft:orange_terracotta":4,"betteranimalsplus:pheasant_egg":2,"minecraft:bone":43,"minecraft:wheat_seeds":25,"minecraft:iron_ingot":8,"minecraft:stone_pickaxe":1,"minecraft:iron_ore":1,"minecraft:oak_planks":20,"minecraft:acacia_sapling":2,"minecraft:soul_sand":1,"betteranimalsplus:pheasantraw":3,"minecraft:sand":84,"minecraft:ink_sac":1,"minecraft:chiseled_sandstone":2,"minecraft:cut_red_sandstone":5,"betteranimalsplus:eel_meat_raw":1,"minecraft:stripped_acacia_log":2,"minecraft:blue_terracotta":2,"minecraft:diamond":2,"minecraft:stone_axe":2,"minecraft:golden_apple":1,"minecraft:golden_horse_armor":2,"betteranimalsplus:trillium":1,"minecraft:chiseled_red_sandstone":2,"minecraft:oak_sapling":1,"minecraft:coal":38}},"DataVersion":2586}