{"stats":{"minecraft:used":{"minecraft:sand":10,"minecraft:egg":1,"minecraft:sandstone":1,"minecraft:cut_sandstone":1,"betteranimalsplus:pheasant_egg":1},"minecraft:custom":{"minecraft:open_chest":8,"minecraft:time_since_rest":5656,"minecraft:play_one_minute":13808,"minecraft:crouch_one_cm":259,"minecraft:sprint_one_cm":63906,"minecraft:deaths":3,"minecraft:damage_taken":898,"minecraft:walk_one_cm":41281,"minecraft:sneak_time":111,"minecraft:walk_under_water_one_cm":214,"minecraft:jump":416,"minecraft:damage_dealt":67,"minecraft:leave_game":2,"minecraft:time_since_death":5629,"minecraft:walk_on_water_one_cm":2145,"minecraft:climb_one_cm":1395,"minecraft:swim_one_cm":4236,"minecraft:fly_one_cm":114061,"minecraft:fall_one_cm":12173,"minecraft:horse_one_cm":682},"minecraft:mined":{"minecraft:grass":35,"minecraft:tall_grass":5,"minecraft:tnt":7},"minecraft:killed_by":{"betteranimalsplus:moose":2,"minecraft:zombie":1},"minecraft:picked_up":{"minecraft:wooden_axe":1,"minecraft:tnt":4,"minecraft:sandstone":1,"betteranimalsplus:pheasant_egg":1,"minecraft:cut_sandstone":1,"minecraft:wheat_seeds":6,"betteranimalsplus:pheasantraw":1,"minecraft:porkchop":7,"minecraft:oak_planks":11,"minecraft:egg":1}},"DataVersion":2586}