{"stats":{"minecraft:picked_up":{"minecraft:crafting_table":5,"minecraft:wheat":8,"minecraft:chicken":1,"minecraft:ladder":3,"emerald_tools:obsidian_helmet":1,"battletowers:key_pickaxe":1,"minecraft:stone_slab":3,"emerald_tools:emerald_pickaxe":1,"minecraft:string":4,"minecraft:iron_leggings":2,"minecraft:beef":3,"minecraft:sugar_cane":4,"minecraft:furnace":3,"minecraft:iron_boots":1,"minecraft:stick":3,"minecraft:sandstone":16,"minecraft:torch":3,"minecraft:white_dye":6,"minecraft:diorite":85,"minecraft:carrot":1,"minecraft:redstone":155,"minecraft:cactus":2,"minecraft:arrow":4,"minecraft:rotten_flesh":132,"gobber2:gobber2_gooey_beef_nether":1,"minecraft:hay_block":21,"minecraft:saddle":1,"minecraft:gold_ingot":16,"minecraft:mutton":13,"minecraft:obsidian":42,"minecraft:white_wool":10,"minecraft:cobblestone":1998,"minecraft:andesite":136,"minecraft:potato":1,"minecraft:flint":3,"minecraft:oak_log":24,"gobber2:gobber2_gooey_bread_nether":1,"minecraft:gunpowder":8,"gobber2:gobber2_ore":35,"minecraft:lapis_lazuli":16,"minecraft:dirt":42,"battletowers:key_boots":1,"minecraft:bone":7,"minecraft:stone_bricks":27,"minecraft:wheat_seeds":19,"minecraft:iron_ingot":2,"minecraft:iron_ore":61,"minecraft:mossy_stone_bricks":1,"minecraft:oak_planks":37,"gobber2:gobber2_gooey_bread":2,"minecraft:scaffolding":4,"minecraft:chiseled_stone_bricks":38,"minecraft:dandelion":2,"minecraft:gravel":21,"battletowers:boss_key":9,"minecraft:gold_ore":10,"minecraft:spider_eye":2,"minecraft:diamond":8,"minecraft:granite":110,"minecraft:gray_wool":1,"minecraft:emerald":11,"minecraft:oak_sapling":2,"gobber2:gobber2_sword":1,"minecraft:coal":219,"gobber2:gobber2_goo":2},"minecraft:used":{"minecraft:flint_and_steel":2,"minecraft:shield":121,"minecraft:iron_sword":63,"vanilla-hammers:obsidian_hammer":2508,"minecraft:torch":33,"minecraft:dirt":18,"minecraft:stone_bricks":23,"minecraft:hay_block":1,"gobber2:gobber2_sword":233,"minecraft:scaffolding":4,"minecraft:furnace":4,"minecraft:potato":13,"minecraft:cooked_mutton":3,"minecraft:water_bucket":30,"minecraft:diorite":18,"emerald_tools:obsidian_pickaxe":103,"minecraft:oak_planks":27,"minecraft:diamond_axe":38,"minecraft:gold_ore":10,"minecraft:crafting_table":9,"emerald_tools:emerald_pickaxe":740,"minecraft:bread":37,"minecraft:stone_slab":2,"minecraft:chiseled_stone_bricks":15,"minecraft:cobblestone":193,"minecraft:bucket":30,"minecraft:andesite":18},"minecraft:crafted":{"minecraft:oak_planks":96,"minecraft:cooked_chicken":1,"minecraft:furnace":2,"minecraft:cooked_mutton":13,"minecraft:flint_and_steel":2,"gobber2:gobber2_glob":27,"minecraft:iron_boots":1,"emerald_tools:obsidian_pickaxe":2,"emerald_tools:emerald_pickaxe":1,"minecraft:wheat":118,"minecraft:cooked_beef":3,"emerald_tools:obsidian_helmet":1,"minecraft:diamond_axe":1,"minecraft:crafting_table":4,"emerald_tools:obsidian_chestplate":1,"minecraft:bread":42,"minecraft:air":0,"emerald_tools:obsidian_leggings":1,"minecraft:shield":1,"minecraft:stick":56,"minecraft:iron_ingot":33,"minecraft:iron_leggings":1,"minecraft:torch":104,"vanilla-hammers:obsidian_hammer":2,"emerald_tools:obsidian_sword":1,"emerald_tools:obsidian_boots":1},"minecraft:dropped":{"battletowers:key_boots":1,"minecraft:iron_ingot":9,"minecraft:bread":21,"minecraft:wheat_seeds":17,"battletowers:key_pickaxe":1,"minecraft:diamond":5,"minecraft:cobblestone":1808,"emerald_tools:obsidian_pickaxe":1,"minecraft:granite":110,"minecraft:saddle":1,"emerald_tools:emerald_pickaxe":1,"minecraft:flint":1,"minecraft:dirt":15,"minecraft:gray_wool":1,"minecraft:diorite":67,"gobber2:gobber2_gooey_bread_nether":1,"battletowers:boss_key":9,"minecraft:torch":19,"minecraft:iron_leggings":3,"vanilla-hammers:obsidian_hammer":1,"gobber2:gobber2_goo":2,"minecraft:cactus":2,"minecraft:string":2,"minecraft:white_wool":10,"minecraft:dandelion":1,"minecraft:bone":7,"minecraft:redstone":10,"minecraft:gravel":21,"minecraft:furnace":1,"minecraft:sugar_cane":4,"minecraft:rotten_flesh":106,"minecraft:oak_planks":1,"minecraft:iron_boots":3,"minecraft:stone_slab":1,"minecraft:carrot":1,"minecraft:flint_and_steel":1,"minecraft:chiseled_stone_bricks":23,"emerald_tools:obsidian_helmet":1,"minecraft:gunpowder":8,"minecraft:iron_chestplate":2,"minecraft:andesite":118,"minecraft:mossy_stone_bricks":1,"minecraft:ladder":3,"minecraft:oak_sapling":2,"gobber2:gobber2_gooey_beef_nether":1,"gobber2:gobber2_glob":27,"minecraft:spider_eye":2,"minecraft:stone_bricks":4,"minecraft:white_dye":6,"minecraft:sandstone":16,"minecraft:arrow":4},"minecraft:custom":{"minecraft:mob_kills":104,"minecraft:interact_with_crafting_table":39,"minecraft:open_barrel":2,"minecraft:leave_game":1,"minecraft:time_since_death":51977,"minecraft:climb_one_cm":18032,"minecraft:sprint_one_cm":140258,"minecraft:walk_one_cm":567970,"minecraft:damage_blocked_by_shield":1350,"minecraft:drop":137,"minecraft:deaths":2,"minecraft:sneak_time":3508,"minecraft:walk_under_water_one_cm":10437,"minecraft:jump":1686,"minecraft:walk_on_water_one_cm":38909,"minecraft:interact_with_furnace":21,"minecraft:play_one_minute":176985,"minecraft:time_since_rest":52006,"minecraft:damage_taken":3181,"minecraft:damage_dealt":20061,"minecraft:swim_one_cm":11779,"minecraft:fly_one_cm":170160,"minecraft:open_chest":34,"minecraft:crouch_one_cm":12320,"minecraft:fall_one_cm":35986},"minecraft:broken":{"emerald_tools:emerald_pickaxe":1},"minecraft:killed_by":{"minecraft:guardian":1},"minecraft:killed":{"battletowers:tower_guard":1,"minecraft:spider":4,"minecraft:skeleton":5,"minecraft:guardian":5,"minecraft:chicken":1,"betteranimalsplus:goat":1,"minecraft:creeper":1,"minecraft:sheep":5,"minecraft:zombie":77,"minecraft:cow":1},"minecraft:mined":{"minecraft:diamond_ore":8,"minecraft:obsidian":42,"minecraft:ladder":1,"minecraft:granite":150,"minecraft:grass_block":29,"minecraft:stone_brick_wall":3,"gobber2:gobber2_lucky_block":6,"minecraft:sandstone":17,"minecraft:spawner":7,"minecraft:chiseled_stone_bricks":35,"minecraft:hay_block":15,"minecraft:redstone_ore":34,"gobber2:gobber2_ore":38,"minecraft:furnace":2,"minecraft:iron_ore":63,"minecraft:fire":1,"minecraft:andesite":177,"minecraft:stone":2414,"minecraft:scaffolding":4,"minecraft:crafting_table":5,"minecraft:emerald_ore":1,"minecraft:stone_slab":1,"minecraft:tall_grass":11,"minecraft:cobblestone":7,"minecraft:lapis_ore":2,"minecraft:oak_planks":2,"minecraft:sugar_cane":3,"minecraft:diorite":100,"minecraft:wall_torch":2,"minecraft:cactus":1,"minecraft:stone_brick_stairs":4,"minecraft:grass":59,"minecraft:coal_ore":108,"minecraft:oak_log":24,"minecraft:gravel":13,"minecraft:dirt":13,"minecraft:stone_bricks":40,"minecraft:gold_ore":13,"minecraft:mossy_stone_bricks":13,"minecraft:oak_leaves":9}},"DataVersion":2586}