{"stats":{"minecraft:killed":{"minecraft:spider":1,"minecraft:slime":1,"minecraft:skeleton":6,"minecraft:drowned":1,"betteranimalsplus:tarantula":3,"minecraft:husk":4,"betteranimalsplus:lamprey":1,"minecraft:pillager":5},"minecraft:crafted":{"vanilla-hammers:wooden_hammer":1,"minecraft:wheat":9,"minecraft:crafting_table":1,"minecraft:iron_sword":1,"minecraft:acacia_button":6,"minecraft:bread":30,"minecraft:stick":4,"minecraft:acacia_planks":20,"minecraft:torch":4},"minecraft:killed_by":{"minecraft:creeper":1,"minecraft:enderman":1,"betteranimalsplus:moose":2,"minecraft:vindicator":1,"minecraft:zombie":1},"minecraft:dropped":{"minecraft:soul_sand":1,"minecraft:wheat_seeds":3,"minecraft:sandstone_stairs":1,"minecraft:crossbow":1,"minecraft:feather":4,"minecraft:cobblestone":9,"minecraft:leather":1,"minecraft:cut_sandstone_slab":4,"betteranimalsplus:trillium":1,"minecraft:dirt":2,"minecraft:orange_carpet":3,"minecraft:cut_sandstone":13,"minecraft:smooth_sandstone_slab":2,"minecraft:sand":88,"minecraft:sugar":2,"minecraft:cactus":9,"minecraft:string":16,"minecraft:smooth_sandstone":1,"minecraft:chiseled_sandstone":1,"minecraft:bone":14,"minecraft:blue_terracotta":1,"minecraft:iron_nugget":1,"minecraft:chiseled_red_sandstone":2,"minecraft:smooth_sandstone_stairs":2,"minecraft:rotten_flesh":20,"minecraft:cut_red_sandstone":5,"minecraft:poppy":1,"minecraft:andesite":8,"minecraft:redstone_torch":1,"minecraft:sandstone":132,"minecraft:wooden_pickaxe":1,"minecraft:stone_pickaxe":1,"minecraft:stone_brick_stairs":3},"minecraft:used":{"minecraft:blue_terracotta":1,"minecraft:poppy":1,"minecraft:shield":44,"minecraft:iron_sword":73,"minecraft:cooked_salmon":2,"minecraft:torch":2,"minecraft:dirt":8,"minecraft:acacia_button":1,"minecraft:smooth_sandstone":1,"minecraft:oak_sapling":1,"minecraft:egg":1,"minecraft:orange_terracotta":4,"minecraft:wooden_pickaxe":49,"minecraft:sandstone":29,"minecraft:cut_sandstone":4,"betteranimalsplus:pheasant_egg":2,"minecraft:white_wool":2,"minecraft:golden_apple":2,"betteranimalsplus:goose_egg":1,"minecraft:sand":17,"minecraft:tnt":5,"minecraft:crafting_table":3,"minecraft:chiseled_sandstone":1,"minecraft:bread":18,"minecraft:stone_button":1,"minecraft:iron_pickaxe":222,"minecraft:stone_axe":23,"vanilla-hammers:wooden_hammer":13,"minecraft:cobblestone":9,"minecraft:white_banner":8},"minecraft:custom":{"minecraft:mob_kills":22,"minecraft:interact_with_crafting_table":15,"minecraft:leave_game":4,"minecraft:time_since_death":7116,"minecraft:climb_one_cm":2176,"minecraft:sprint_one_cm":191048,"minecraft:walk_one_cm":518950,"minecraft:damage_blocked_by_shield":1480,"minecraft:drop":43,"minecraft:talked_to_villager":113,"minecraft:raid_win":1,"minecraft:deaths":7,"minecraft:sneak_time":2861,"minecraft:walk_under_water_one_cm":1960,"minecraft:jump":1723,"minecraft:walk_on_water_one_cm":20096,"minecraft:interact_with_furnace":8,"minecraft:play_one_minute":121382,"minecraft:raid_trigger":1,"minecraft:sleep_in_bed":2,"minecraft:time_since_rest":7147,"minecraft:damage_taken":3143,"minecraft:damage_absorbed":80,"minecraft:damage_dealt":3302,"minecraft:swim_one_cm":19458,"minecraft:fly_one_cm":330342,"minecraft:open_chest":24,"minecraft:crouch_one_cm":10595,"minecraft:fall_one_cm":40360,"minecraft:horse_one_cm":139010},"minecraft:mined":{"minecraft:cut_sandstone_slab":4,"minecraft:chiseled_red_sandstone":1,"minecraft:acacia_log":5,"minecraft:grass_block":7,"minecraft:acacia_button":1,"betteranimalsplus:trillium":1,"minecraft:sandstone":51,"minecraft:spawner":3,"minecraft:hay_block":1,"minecraft:magma_block":5,"minecraft:black_glazed_terracotta":4,"minecraft:iron_ore":1,"minecraft:chiseled_sandstone":1,"minecraft:vine":1,"minecraft:stripped_acacia_log":2,"minecraft:smooth_sandstone_stairs":2,"minecraft:stone":16,"minecraft:cut_sandstone":7,"minecraft:cyan_terracotta":2,"minecraft:orange_terracotta":1,"minecraft:smooth_sandstone":3,"minecraft:crafting_table":2,"minecraft:poppy":1,"minecraft:dead_bush":15,"minecraft:stone_slab":2,"minecraft:tall_grass":25,"minecraft:smooth_sandstone_slab":3,"minecraft:wall_torch":1,"minecraft:orange_carpet":2,"minecraft:tnt":8,"minecraft:white_wall_banner":2,"minecraft:grass":219,"minecraft:coal_ore":38,"minecraft:sand":33,"minecraft:dirt":4,"minecraft:netherrack":55,"minecraft:iron_trapdoor":1},"minecraft:picked_up":{"minecraft:wooden_axe":1,"minecraft:crafting_table":4,"minecraft:wheat":89,"minecraft:stone_slab":2,"minecraft:wooden_pickaxe":4,"minecraft:enchanted_book":2,"minecraft:stone_brick_stairs":3,"minecraft:shield":3,"minecraft:cooked_salmon":2,"minecraft:smooth_stone_slab":1,"minecraft:redstone_torch":1,"minecraft:iron_nugget":2,"minecraft:iron_pickaxe":3,"minecraft:poppy":3,"minecraft:egg":1,"minecraft:furnace":1,"minecraft:stick":22,"minecraft:sandstone":155,"minecraft:acacia_log":5,"minecraft:torch":7,"minecraft:porkchop":7,"minecraft:stone_button":2,"minecraft:iron_horse_armor":3,"minecraft:smooth_sandstone_slab":2,"minecraft:tnt":14,"minecraft:cactus":14,"minecraft:arrow":75,"minecraft:rotten_flesh":34,"minecraft:hay_block":1,"minecraft:sandstone_stairs":2,"minecraft:gold_ingot":6,"minecraft:obsidian":1,"minecraft:mutton":4,"minecraft:white_wool":2,"betteranimalsplus:goose_egg":1,"minecraft:cobblestone":22,"minecraft:magma_block":4,"minecraft:feather":7,"minecraft:salmon":2,"minecraft:andesite":8,"minecraft:leather":2,"minecraft:orange_carpet":3,"minecraft:cut_sandstone":23,"minecraft:smooth_sandstone_stairs":2,"minecraft:gunpowder":22,"minecraft:dirt":18,"minecraft:cut_sandstone_slab":4,"minecraft:white_banner":12,"minecraft:name_tag":2,"minecraft:orange_terracotta":4,"betteranimalsplus:pheasant_egg":2,"minecraft:smooth_sandstone":3,"minecraft:bone":45,"minecraft:wheat_seeds":31,"minecraft:iron_ingot":10,"minecraft:stone_pickaxe":1,"minecraft:iron_ore":1,"minecraft:iron_sword":2,"minecraft:oak_planks":20,"minecraft:acacia_sapling":2,"minecraft:soul_sand":1,"vanilla-hammers:wooden_hammer":2,"betteranimalsplus:pheasantraw":5,"minecraft:sand":125,"minecraft:ink_sac":1,"minecraft:chiseled_sandstone":2,"minecraft:cut_red_sandstone":5,"betteranimalsplus:eel_meat_raw":1,"minecraft:stripped_acacia_log":2,"minecraft:sugar":4,"minecraft:blue_terracotta":2,"minecraft:diamond":2,"minecraft:stone_axe":4,"minecraft:crossbow":1,"minecraft:golden_apple":1,"minecraft:bread":36,"minecraft:golden_horse_armor":2,"minecraft:emerald":2,"betteranimalsplus:trillium":1,"minecraft:chiseled_red_sandstone":6,"minecraft:oak_sapling":1,"minecraft:netherrack":52,"minecraft:coal":112}},"DataVersion":2586}