{"stats":{"minecraft:killed":{"minecraft:spider":1,"minecraft:slime":1,"minecraft:skeleton":6,"minecraft:drowned":1,"betteranimalsplus:tarantula":7,"minecraft:husk":5,"betteranimalsplus:lamprey":1,"minecraft:creeper":1,"minecraft:pillager":5,"minecraft:zombie":42},"minecraft:broken":{"minecraft:iron_pickaxe":1},"minecraft:crafted":{"minecraft:bone_meal":3,"vanilla-hammers:wooden_hammer":1,"minecraft:wheat":9,"minecraft:crafting_table":1,"minecraft:iron_sword":2,"minecraft:acacia_button":6,"minecraft:bread":32,"minecraft:tnt":2,"minecraft:iron_chestplate":1,"minecraft:stick":4,"betteranimalsplus:eel_meat_cooked":2,"minecraft:acacia_planks":20,"minecraft:torch":4},"minecraft:killed_by":{"minecraft:creeper":2,"minecraft:enderman":1,"betteranimalsplus:moose":2,"minecraft:vindicator":1,"minecraft:skeleton":2,"minecraft:zombie":5},"minecraft:dropped":{"minecraft:bread":2,"minecraft:iron_sword":1,"minecraft:soul_sand":1,"minecraft:wheat_seeds":3,"minecraft:sandstone_stairs":1,"minecraft:crossbow":1,"minecraft:feather":4,"minecraft:cobblestone":9,"minecraft:lantern":1,"minecraft:leather":1,"minecraft:cut_sandstone_slab":4,"betteranimalsplus:trillium":1,"minecraft:dirt":2,"minecraft:orange_carpet":3,"minecraft:cut_sandstone":13,"minecraft:smooth_sandstone_slab":2,"minecraft:sand":88,"minecraft:sugar":2,"minecraft:cactus":9,"minecraft:string":16,"minecraft:smooth_sandstone":5,"minecraft:stone_brick_slab":1,"minecraft:chiseled_sandstone":1,"minecraft:bone":14,"minecraft:blue_terracotta":1,"betteranimalsplus:pheasantraw":1,"minecraft:iron_nugget":1,"minecraft:chiseled_red_sandstone":2,"minecraft:smooth_sandstone_stairs":2,"minecraft:rotten_flesh":50,"minecraft:stone_slab":2,"minecraft:cut_red_sandstone":5,"minecraft:poppy":1,"minecraft:gunpowder":1,"minecraft:andesite":8,"minecraft:redstone_torch":1,"minecraft:sandstone":132,"minecraft:arrow":17,"minecraft:wooden_pickaxe":1,"minecraft:stone_pickaxe":1,"minecraft:stone_brick_stairs":3},"minecraft:used":{"minecraft:blue_terracotta":1,"minecraft:poppy":1,"minecraft:chest":3,"minecraft:shield":87,"minecraft:iron_sword":200,"minecraft:sandstone_wall":1,"minecraft:cooked_salmon":2,"minecraft:rotten_flesh":5,"minecraft:netherrack":61,"minecraft:torch":3,"minecraft:dirt":8,"minecraft:acacia_button":1,"betteranimalsplus:eel_meat_cooked":1,"minecraft:lantern":1,"minecraft:smooth_sandstone":30,"minecraft:bow":18,"minecraft:oak_sapling":1,"minecraft:egg":1,"minecraft:orange_terracotta":4,"minecraft:wooden_pickaxe":49,"minecraft:sandstone":82,"minecraft:cut_sandstone":7,"betteranimalsplus:pheasant_egg":2,"minecraft:white_wool":2,"minecraft:golden_apple":2,"betteranimalsplus:goose_egg":1,"minecraft:sand":51,"minecraft:tnt":7,"minecraft:crafting_table":3,"minecraft:chiseled_sandstone":1,"minecraft:bread":26,"minecraft:stone_button":1,"minecraft:iron_pickaxe":330,"minecraft:stone_axe":23,"vanilla-hammers:wooden_hammer":13,"minecraft:cobblestone":9,"minecraft:white_banner":8},"minecraft:custom":{"minecraft:mob_kills":74,"minecraft:interact_with_crafting_table":31,"minecraft:leave_game":4,"minecraft:time_since_death":6335,"minecraft:climb_one_cm":24485,"minecraft:sprint_one_cm":284648,"minecraft:walk_one_cm":704765,"minecraft:damage_blocked_by_shield":2100,"minecraft:drop":57,"minecraft:talked_to_villager":113,"minecraft:raid_win":1,"minecraft:deaths":15,"minecraft:sneak_time":6538,"minecraft:walk_under_water_one_cm":1960,"minecraft:jump":2427,"minecraft:walk_on_water_one_cm":20096,"minecraft:interact_with_furnace":22,"minecraft:play_one_minute":175382,"minecraft:raid_trigger":1,"minecraft:sleep_in_bed":3,"minecraft:time_since_rest":6359,"minecraft:damage_taken":6298,"minecraft:damage_absorbed":80,"minecraft:damage_dealt":8852,"minecraft:swim_one_cm":19458,"minecraft:fly_one_cm":410031,"minecraft:open_chest":63,"minecraft:crouch_one_cm":19918,"minecraft:fall_one_cm":64193,"minecraft:horse_one_cm":139010},"minecraft:mined":{"minecraft:cut_sandstone_slab":4,"minecraft:chiseled_red_sandstone":1,"minecraft:ladder":1,"minecraft:acacia_log":5,"minecraft:grass_block":7,"minecraft:acacia_button":1,"betteranimalsplus:trillium":1,"minecraft:sandstone":87,"minecraft:sandstone_stairs":6,"minecraft:spawner":7,"minecraft:hay_block":1,"minecraft:magma_block":5,"minecraft:glowstone":1,"minecraft:furnace":2,"minecraft:black_glazed_terracotta":4,"minecraft:iron_ore":1,"minecraft:chiseled_sandstone":1,"minecraft:vine":1,"minecraft:stripped_acacia_log":2,"minecraft:smooth_sandstone_stairs":2,"minecraft:stone":18,"minecraft:cut_sandstone":7,"minecraft:cyan_terracotta":2,"minecraft:orange_terracotta":1,"minecraft:smooth_sandstone":35,"minecraft:crafting_table":2,"minecraft:poppy":1,"minecraft:chest":2,"minecraft:dead_bush":16,"minecraft:stone_slab":2,"minecraft:tall_grass":25,"minecraft:smooth_sandstone_slab":3,"minecraft:wall_torch":1,"minecraft:orange_carpet":2,"minecraft:tnt":8,"minecraft:white_wall_banner":2,"minecraft:grass":219,"minecraft:coal_ore":38,"minecraft:sand":44,"minecraft:dirt":4,"minecraft:sandstone_wall":2,"minecraft:netherrack":64,"minecraft:iron_trapdoor":1},"minecraft:picked_up":{"minecraft:wooden_axe":1,"minecraft:iron_chestplate":5,"minecraft:crafting_table":4,"minecraft:wheat":100,"minecraft:ladder":7,"minecraft:stone_slab":2,"minecraft:wooden_pickaxe":4,"minecraft:enchanted_book":9,"minecraft:stone_brick_stairs":3,"minecraft:shield":9,"minecraft:string":1,"minecraft:flint_and_steel":5,"minecraft:cooked_salmon":2,"minecraft:smooth_stone_slab":1,"minecraft:iron_leggings":2,"minecraft:bucket":2,"minecraft:redstone_torch":1,"minecraft:iron_nugget":2,"minecraft:iron_pickaxe":14,"minecraft:poppy":3,"minecraft:chest":3,"minecraft:egg":1,"minecraft:furnace":1,"minecraft:stick":69,"minecraft:sandstone":261,"minecraft:acacia_log":5,"minecraft:torch":15,"minecraft:sandstone_wall":3,"minecraft:porkchop":7,"minecraft:stone_button":2,"minecraft:carrot":5,"minecraft:redstone":8,"minecraft:iron_horse_armor":9,"minecraft:smooth_sandstone_slab":2,"minecraft:tnt":16,"minecraft:cactus":14,"minecraft:arrow":117,"minecraft:rotten_flesh":301,"minecraft:beetroot_seeds":6,"minecraft:hay_block":1,"minecraft:sandstone_stairs":6,"minecraft:saddle":2,"minecraft:gold_ingot":6,"minecraft:obsidian":5,"minecraft:mutton":4,"minecraft:white_wool":2,"betteranimalsplus:goose_egg":1,"minecraft:cobblestone":22,"minecraft:birch_log":5,"minecraft:magma_block":30,"minecraft:feather":7,"minecraft:salmon":2,"minecraft:andesite":8,"minecraft:leather":2,"minecraft:orange_carpet":3,"minecraft:cut_sandstone":23,"minecraft:potato":3,"minecraft:smooth_sandstone_stairs":2,"minecraft:gunpowder":83,"minecraft:lapis_lazuli":16,"minecraft:dirt":18,"minecraft:cut_sandstone_slab":4,"minecraft:lantern":2,"minecraft:white_banner":12,"minecraft:name_tag":8,"minecraft:orange_terracotta":4,"betteranimalsplus:pheasant_egg":2,"minecraft:smooth_sandstone":94,"minecraft:bone":68,"minecraft:apple":12,"minecraft:bow":7,"minecraft:wheat_seeds":31,"minecraft:iron_ingot":10,"minecraft:stone_pickaxe":1,"minecraft:iron_ore":1,"minecraft:iron_sword":8,"minecraft:oak_planks":20,"minecraft:acacia_sapling":2,"minecraft:soul_sand":1,"vanilla-hammers:wooden_hammer":6,"minecraft:stone_brick_slab":3,"battletowers:boss_key":7,"betteranimalsplus:pheasantraw":5,"minecraft:sand":153,"minecraft:ink_sac":1,"minecraft:chiseled_sandstone":2,"minecraft:cut_red_sandstone":5,"betteranimalsplus:eel_meat_raw":3,"minecraft:stripped_acacia_log":2,"minecraft:sugar":4,"minecraft:blue_terracotta":2,"minecraft:diamond":2,"minecraft:stone_axe":8,"betteranimalsplus:eel_meat_cooked":8,"minecraft:iron_helmet":5,"minecraft:crossbow":1,"minecraft:bone_meal":271,"minecraft:golden_apple":1,"minecraft:bread":84,"minecraft:golden_horse_armor":2,"minecraft:emerald":6,"betteranimalsplus:trillium":1,"minecraft:chiseled_red_sandstone":6,"minecraft:oak_sapling":1,"minecraft:melon_seeds":16,"minecraft:netherrack":237,"minecraft:coal":120,"minecraft:ender_pearl":8}},"DataVersion":2586}